{
  "project_info": {
    "project_number": "431041529471",
    "project_id": "flutter-app-997d7",
    "storage_bucket": "flutter-app-997d7.appspot.com"
  },
  "client": [
    {
      "client_info": {
        "mobilesdk_app_id": "1:431041529471:android:7b15c916acecd0f8da214a",
        "android_client_info": {
          "package_name": "com.example.flutte_app"
        }
      },
      "oauth_client": [
        {
          "client_id": "431041529471-ebjqs4rp6gkqukalnh5tnbs8bsh1hkv3.apps.googleusercontent.com",
          "client_type": 1,
          "android_info": {
            "package_name": "com.example.flutte_app",
            "certificate_hash": "65fb230226021011fde08b7a32bc173b9f31c433"
          }
        },
        {
          "client_id": "431041529471-6g9ujqh7o35sv08cpre7q4d0epffe8m7.apps.googleusercontent.com",
          "client_type": 3
        }
      ],
      "api_key": [
        {
          "current_key": "AIzaSyBHOdubrfNXsSdQiD9MqnsUdjIhz_XlAMc"
        }
      ],
      "services": {
        "appinvite_service": {
          "other_platform_oauth_client": [
            {
              "client_id": "431041529471-6g9ujqh7o35sv08cpre7q4d0epffe8m7.apps.googleusercontent.com",
              "client_type": 3
            }
          ]
        }
      }
    }
  ],
  "configuration_version": "1"
}